{"_step":0,"epoch":0,"epoch_lr":0.0005,"_wandb":{"runtime":2},"_runtime":2.885159691,"_timestamp":1.7616657970596445e+09}