{"_runtime":2.915795877,"_step":0,"epoch":0,"epoch_lr":0.0005,"_timestamp":1.7616650219993687e+09,"_wandb":{"runtime":2}}