{"epoch_lr":0.0005,"_timestamp":1.76166571976539e+09,"_wandb":{"runtime":2},"_runtime":2.8625812870000003,"_step":0,"epoch":0}