{"epoch_lr":0.0005,"_timestamp":1.7616656319252148e+09,"_step":0,"_wandb":{"runtime":2},"_runtime":2.668486438,"epoch":0}